Workbook

Sheet NOVIEMBRE 2025
A1: OPERADOR | B1: GAP | C1: SAE | D1: APLICA | E1: COLABORADORES 1 | F1: COLABORADORES 2 | G1: COLABORADORES 3 | H1: COLABORADORES 4 | I1: COLABORADORES 5 | J1: COLABORADORES 6 | K1: ORIGEN
A2: MENDOZ, LUCIANO | B2: 748108 | C2: 46141590 | D2: SI | E2: LASTRA, PERLA | J2: ANGLADA, ANA | K2: =VLOOKUP(C2,MAESTRO!A:B,2,0) -> #N/A
A3: RODRIGUEZ, SOFIA | B3: 733936 | C3: 46103310 | D3: SI | E3: CARDOZO, ROMINA | J3: ARGAÑARAZ BRIAN | K3: =VLOOKUP(C3,MAESTRO!A:B,2,0) -> #N/A
A4: RODRIGUEZ, SOFIA | B4: 740473 | C4: 46105164 | D4: SI | E4: ROBLES, LARA VALENTINA | J4: ARGAÑARAZ BRIAN | K4: =VLOOKUP(C4,MAESTRO!A:B,2,0) -> #N/A
A5: RODRIGUEZ, SOFIA | B5: 750093 | C5: 46154594 | D5: SI | E5: CHARON, FLORENCIA | J5: ARGAÑARAZ BRIAN | K5: =VLOOKUP(C5,MAESTRO!A:B,2,0) -> #N/A
A6: PALACIOS, SOFIA | B6: 720729 | C6: 46059014 | D6: SI | J6: AVILA SAMIRA | K6: =VLOOKUP(C6,MAESTRO!A:B,2,0) -> #N/A
A7: SOLDANI, CLARA | B7: 734049 | C7: 46104011 | D7: SI | E7: SABELLA, ROSA MARIA | J7: AVILA SAMIRA | K7: =VLOOKUP(C7,MAESTRO!A:B,2,0) -> #N/A
A8: RODRIGUEZ, SOFIA | B8: 741329 | C8: 46105922 | D8: SI | E8: PAZ, AGUSTIN DANIEL | J8: AVILA SAMIRA | K8: =VLOOKUP(C8,MAESTRO!A:B,2,0) -> #N/A
A9: RODRIGUEZ, SOFIA | B9: 740479 | C9: 46106883 | D9: SI | E9: CABRAL, NATALIA | J9: AVILA SAMIRA | K9: =VLOOKUP(C9,MAESTRO!A:B,2,0) -> #N/A
A10: BERGARA, ANDREA | B10: 684153 | C10: 45964286 | D10: SI | E10: MEZA, ROMINA | J10: BARZOLA, DYLAN | K10: =VLOOKUP(C10,MAESTRO!A:B,2,0) -> #N/A
A11: GAVELLO, ANABELA | B11: 701659 | C11: 46009889 | D11: SI | F11: MANRIQUE, GASTÓN | G11: ALONSO, JORGE ANTONIO | J11: BARZOLA, DYLAN | K11: =VLOOKUP(C11,MAESTRO!A:B,2,0) -> #N/A
A12: CUELLAR, CAMILA | B12: 719011 | C12: 46054986 | D12: SI | E12: MEZA, ROMINA | J12: BARZOLA, DYLAN | K12: =VLOOKUP(C12,MAESTRO!A:B,2,0) -> #N/A
A13: DONADON, NICOLAS | B13: 728866 | C13: 46077824 | D13: SI | J13: BARZOLA, DYLAN | K13: =VLOOKUP(C13,MAESTRO!A:B,2,0) -> #N/A
A14: VEGA BRISA | B14: 728786 | C14: 46077815 | D14: SI | E14: BENDITTI, JULIETA | J14: BARZOLA, DYLAN | K14: =VLOOKUP(C14,MAESTRO!A:B,2,0) -> #N/A
A15: RIGONI, VALENTINA | B15: 729765 | C15: 46078683 | D15: SI | J15: BARZOLA, DYLAN | K15: =VLOOKUP(C15,MAESTRO!A:B,2,0) -> #N/A
A16: ORREGO, PAMELA | B16: 729042 | C16: 46078842 | D16: SI | J16: BARZOLA, DYLAN | K16: =VLOOKUP(C16,MAESTRO!A:B,2,0) -> #N/A
A17: CUELLAR, CAMILA | B17: 728959 | C17: 46078503 | D17: SI | J17: BARZOLA, DYLAN | K17: =VLOOKUP(C17,MAESTRO!A:B,2,0) -> #N/A
A18: RIGONI, VALENTINA | B18: 742823 | C18: 46126059 | D18: SI | J18: BARZOLA, DYLAN | K18: =VLOOKUP(C18,MAESTRO!A:B,2,0) -> #N/A
A19: ISLEÑO, LUCAS | B19: 755213 | C19: 46170712 | D19: SI | J19: BARZOLA, DYLAN | K19: =VLOOKUP(C19,MAESTRO!A:B,2,0) -> #N/A
A20: ROJAS, PRISCILA | B20: 732566 | C20: 46095365 | D20: SI | E20: GARCIA, LUDMILA | J20: CARABALLO, LUCAS | K20: =VLOOKUP(C20,MAESTRO!A:B,2,0) -> #N/A
A21: LENCINA, CRISTINA | B21: 741685 | C21: 46120933 | D21: SI | E21: ACOSTA, DAMARIS AYLEN | J21: CASERES NICOLE | K21: =VLOOKUP(C21,MAESTRO!A:B,2,0) -> #N/A
A22: RODRIGUEZ, SOFIA | B22: 758589 | C22: 46182552 | D22: SI | E22: FARIAS, NAHUEL | J22: CASERES NICOLE | K22: =VLOOKUP(C22,MAESTRO!A:B,2,0) -> #N/A
A23: MACIAS, SANTIAGO | B23: 694964 | C23: 45994249 | D23: SI | J23: DAUMAS, VICTORIA SOL | K23: =VLOOKUP(C23,MAESTRO!A:B,2,0) -> #N/A
A24: MEZA, ROMINA | B24: 695181 | C24: 45995861 | D24: SI | J24: DAUMAS, VICTORIA SOL | K24: =VLOOKUP(C24,MAESTRO!A:B,2,0) -> CARTA
A25: GONZALEZ, EZEQUIEL WALTER | B25: 704899 | C25: 46017409 | D25: SI | E25: SANDOVAL, JEREMIAS | J25: DAUMAS, VICTORIA SOL | K25: =VLOOKUP(C25,MAESTRO!A:B,2,0) -> #N/A
A26: MONTIEL, JUAN RAMON | B26: 704892 | C26: 46017345 | D26: SI | E26: INFANTE, JONATHAN | F26: ALONSO, JORGE ANTONIO | J26: DAUMAS, VICTORIA SOL | K26: =VLOOKUP(C26,MAESTRO!A:B,2,0) -> #N/A
A27: MENDOZ, LUCIANO | B27: 698482 | C27: 46002852 | D27: SI | F27: SANDOVAL, JEREMIAS | G27: CACERES MATIAS NAHUEL | J27: FERRANDO, MARTINA | K27: =VLOOKUP(C27,MAESTRO!A:B,2,0) -> #N/A
A28: DOMINGUEZ, JAMAL | B28: 718676 | C28: 46052962 | D28: SI | J28: GAMBINO, DANIEL | K28: =VLOOKUP(C28,MAESTRO!A:B,2,0) -> #N/A
A29: ORREGO, PAMELA | B29: 728782 | C29: 46077103 | D29: SI | J29: GAMBINO, DANIEL | K29: =VLOOKUP(C29,MAESTRO!A:B,2,0) -> #N/A
A30: MORALES, EZEQUIEL DARIO | B30: 728936 | C30: 46076870 | D30: SI | J30: GAMBINO, DANIEL | K30: =VLOOKUP(C30,MAESTRO!A:B,2,0) -> #N/A
A31: GONZALEZ MAIDANA, KAMILA RAQUEL | B31: 711358 | C31: 46033315 | D31: SI | J31: LARREA, YESICA | K31: =VLOOKUP(C31,MAESTRO!A:B,2,0) -> #N/A
A32: BERNAL, LAILA | B32: 711360 | C32: 46033240 | D32: SI | J32: LARREA, YESICA | K32: =VLOOKUP(C32,MAESTRO!A:B,2,0) -> #N/A
A33: GAROSO, ANA LAURA | B33: 690306 | C33: 45978189 | D33: SI | E33: CABRAL, NATALIA | J33: LEGUIZAMÓN, KARINA | K33: =VLOOKUP(C33,MAESTRO!A:B,2,0) -> #N/A
A34: BOMONE, NICOLAS IVAN | B34: 748066 | C34: 46141806 | D34: SI | J34: LEGUIZAMÓN, KARINA | K34: =VLOOKUP(C34,MAESTRO!A:B,2,0) -> #N/A
A35: GUTIERREZ, FACUNDO | B35: 764273 | C35: 46210093 | D35: SI | E35: PONCE DE LEON, CINDY MARIBEL | J35: LEGUIZAMÓN, KARINA | K35: =VLOOKUP(C35,MAESTRO!A:B,2,0) -> #N/A
A36: ALONSO, JORGE ANTONIO | B36: 684133 | C36: 45964035 | D36: SI | J36: LOPEZ, CAMILA ANDREA | K36: =VLOOKUP(C36,MAESTRO!A:B,2,0) -> #N/A
A37: BERGARA, ANDREA | B37: 701735 | C37: 46010375 | D37: SI | J37: LOPEZ, CAMILA ANDREA | K37: =VLOOKUP(C37,MAESTRO!A:B,2,0) -> #N/A
A38: SCHIRRIPA, ESTEBAN | B38: 718967 | C38: 46054880 | D38: SI | J38: LOPEZ, CAMILA ANDREA | K38: =VLOOKUP(C38,MAESTRO!A:B,2,0) -> #N/A
A39: FEDELLE, SANDRA ANALÍA | B39: 728855 | C39: 46077269 | D39: SI | J39: LOPEZ, CAMILA ANDREA | K39: =VLOOKUP(C39,MAESTRO!A:B,2,0) -> #N/A
A40: ZAMUDIO, ALEJANDRO | B40: 728604 | C40: 46076774 | D40: SI | J40: LOPEZ, CAMILA ANDREA | K40: =VLOOKUP(C40,MAESTRO!A:B,2,0) -> #N/A
A41: CEJAS, NICOLAS | B41: 728804 | C41: 46077874 | D41: SI | J41: LOPEZ, CAMILA ANDREA | K41: =VLOOKUP(C41,MAESTRO!A:B,2,0) -> #N/A
A42: VALDIVIEZO, HECTOR | B42: 728921 | C42: 46078216 | D42: SI | J42: LOPEZ, CAMILA ANDREA | K42: =VLOOKUP(C42,MAESTRO!A:B,2,0) -> #N/A
A43: DALIA, NABILA | B43: 685040 | C43: 45964760 | D43: SI | J43: LUCERO, LAILA | K43: =VLOOKUP(C43,MAESTRO!A:B,2,0) -> #N/A
A44: DALIA, NABILA | B44: 684486 | C44: 45964585 | D44: SI | E44: RODRIGUEZ BAEZ, MAXIMA | J44: LUCERO, LAILA | K44: =VLOOKUP(C44,MAESTRO!A:B,2,0) -> #N/A
A45: FERNÁNDEZ, RUTH | B45: 684217 | C45: 45963946 | D45: SI | E45: GAVELLO, ANABELA | J45: LUCERO, LAILA | K45: =VLOOKUP(C45,MAESTRO!A:B,2,0) -> #N/A
A46: FERNÁNDEZ, RUTH | B46: 693183 | C46: 45989901 | D46: SI | E46: MONTIEL, JUAN RAMON | F46: INFANTE, JONATHAN | J46: LUCERO, LAILA | K46: =VLOOKUP(C46,MAESTRO!A:B,2,0) -> #N/A
A47: VEGA BRISA | B47: 693095 | C47: 45989264 | D47: SI | J47: LUCERO, LAILA | K47: =VLOOKUP(C47,MAESTRO!A:B,2,0) -> #N/A
A48: GONZALEZ, EZEQUIEL WALTER | B48: 693149 | C48: 45989214 | D48: SI | J48: LUCERO, LAILA | K48: =VLOOKUP(C48,MAESTRO!A:B,2,0) -> #N/A
A49: GAVELLO, ANABELA | B49: 693148 | C49: 45989145 | D49: SI | J49: LUCERO, LAILA | K49: =VLOOKUP(C49,MAESTRO!A:B,2,0) -> #N/A
A50: GONZALEZ, EZEQUIEL WALTER | B50: 711379 | C50: 46033736 | D50: SI | J50: LUCERO, LAILA | K50: =VLOOKUP(C50,MAESTRO!A:B,2,0) -> #N/A
A51: FEDELLE, SANDRA ANALÍA | B51: 711367 | C51: 46033682 | D51: SI | J51: LUCERO, LAILA | K51: =VLOOKUP(C51,MAESTRO!A:B,2,0) -> #N/A
A52: ORREGO, PAMELA | B52: 711350 | C52: 46033609 | D52: SI | E52: ORREGO, PAMELA | J52: LUCERO, LAILA | K52: =VLOOKUP(C52,MAESTRO!A:B,2,0) -> #N/A
A53: MONTIEL, JUAN RAMON | B53: 711291 | C53: 46033484 | D53: SI | J53: LUCERO, LAILA | K53: =VLOOKUP(C53,MAESTRO!A:B,2,0) -> #N/A
A54: DONADON, NICOLAS | B54: 711308 | C54: 46032981 | D54: SI | E54: DONADON, NICOLAS | J54: LUCERO, LAILA | K54: =VLOOKUP(C54,MAESTRO!A:B,2,0) -> #N/A
A55: FERNÁNDEZ, RUTH | B55: 728826 | C55: 46077122 | D55: SI | J55: LUCERO, LAILA | K55: =VLOOKUP(C55,MAESTRO!A:B,2,0) -> #N/A
A56: PEREZ, DANIEL | B56: 728822 | C56: 46076997 | D56: SI | J56: LUCERO, LAILA | K56: =VLOOKUP(C56,MAESTRO!A:B,2,0) -> #N/A
A57: ORDOÑEZ BULENTINI, VALENTINA | B57: 728768 | C57: 46076695 | D57: SI | J57: LUCERO, LAILA | K57: =VLOOKUP(C57,MAESTRO!A:B,2,0) -> #N/A
A58: PEREZ, FEDERICO | B58: 729735 | C58: 46078849 | D58: SI | J58: LUCERO, LAILA | K58: =VLOOKUP(C58,MAESTRO!A:B,2,0) -> #N/A
A59: ORREGO, PAMELA | B59: 728998 | C59: 46078648 | D59: SI | E59: CASTRO LAUDANI TAMARA | J59: LUCERO, LAILA | K59: =VLOOKUP(C59,MAESTRO!A:B,2,0) -> #N/A
A60: DELGADO, MATIAS LEONARDO | B60: 768075 | C60: 46219610 | D60: SI | J60: LUCERO, LAILA | K60: =VLOOKUP(C60,MAESTRO!A:B,2,0) -> #N/A
A61: MEZA, ROMINA | B61: 693118 | C61: 45969430 | D61: SI | E61: VEGA BRISA | J61: MANETTI, DIEGO MARTIN | K61: =VLOOKUP(C61,MAESTRO!A:B,2,0) -> #N/A
A62: SANDOVAL, JEREMIAS | B62: 711348 | C62: 46032990 | D62: SI | E62: MONTIEL, JUAN RAMON | J62: MANETTI, DIEGO MARTIN | K62: =VLOOKUP(C62,MAESTRO!A:B,2,0) -> #N/A
A63: ORREGO, PAMELA | B63: 711296 | C63: 46033264 | D63: SI | J63: REINOZO, IVAN MAURO | K63: =VLOOKUP(C63,MAESTRO!A:B,2,0) -> #N/A
A64: FEDELLE, SANDRA ANALÍA | B64: 711306 | C64: 46032765 | D64: SI | J64: REINOZO, IVAN MAURO | K64: =VLOOKUP(C64,MAESTRO!A:B,2,0) -> #N/A
A65: GUERRA, ALEJO | B65: 728931 | C65: 46078030 | D65: SI | J65: REINOZO, IVAN MAURO | K65: =VLOOKUP(C65,MAESTRO!A:B,2,0) -> #N/A
A66: ORREGO, PAMELA | B66: 728885 | C66: 46078180 | D66: SI | E66: DELVECCHIO, DIANA GABRIELA | J66: REINOZO, IVAN MAURO | K66: =VLOOKUP(C66,MAESTRO!A:B,2,0) -> #N/A
A67: RODRIGUEZ, SOFIA | B67: 747507 | C67: 46138990 | D67: SI | I67: ARGAÑARAZ BRIAN | J67: RODRIGUEZ, SOFIA | K67: =VLOOKUP(C67,MAESTRO!A:B,2,0) -> #N/A
A68: BENITEZ PEREIRA, PATRICIA | B68: 713592 | C68: 46040896 | D68: SI | J68: SELIS, SOLANGE | K68: =VLOOKUP(C68,MAESTRO!A:B,2,0) -> #N/A
A69: LACABA, CAMILA | B69: 695186 | C69: 45994491 | D69: SI | J69: STUCHETTI, FLORENCIA | K69: =VLOOKUP(C69,MAESTRO!A:B,2,0) -> #N/A
A70: MEZA, ROMINA | B70: 694967 | C70: 45994264 | D70: SI | J70: STUCHETTI, FLORENCIA | K70: =VLOOKUP(C70,MAESTRO!A:B,2,0) -> #N/A
A71: RÍOS MESA, MALCOM MIGUEL | B71: 704827 | C71: 46017199 | D71: SI | J71: STUCHETTI, FLORENCIA | K71: =VLOOKUP(C71,MAESTRO!A:B,2,0) -> #N/A
A72: MARTINEZ COHEN, BELÉN | B72: 731230 | C72: 46085740 | D72: SI | J72: STUCHETTI, FLORENCIA | K72: =VLOOKUP(C72,MAESTRO!A:B,2,0) -> #N/A
A73: LOPEZ ZARATE, WILMA CRISTINA | B73: 740794 | C73: 46110264 | D73: SI | J73: STUCHETTI, FLORENCIA | K73: =VLOOKUP(C73,MAESTRO!A:B,2,0) -> #N/A
A74: ORREGO, PAMELA | B74: 693110 | C74: 45989305 | D74: SI | E74: CEJAS, NICOLAS | J74: TAKACH SABORIDO, AGUSTIN | K74: =VLOOKUP(C74,MAESTRO!A:B,2,0) -> #N/A
A75: SANDOVAL, JEREMIAS | B75: 693108 | C75: 45989193 | D75: SI | F75: GONZALEZ, EZEQUIEL WALTER | J75: TAKACH SABORIDO, AGUSTIN | K75: =VLOOKUP(C75,MAESTRO!A:B,2,0) -> #N/A
A76: CUELLAR, CAMILA | B76: 701714 | C76: 46010351 | D76: SI | J76: TAKACH SABORIDO, AGUSTIN | K76: =VLOOKUP(C76,MAESTRO!A:B,2,0) -> #N/A
A77: SUAREZ, SABRINA GISELA | B77: 701700 | C77: 46010346 | D77: SI | J77: TAKACH SABORIDO, AGUSTIN | K77: =VLOOKUP(C77,MAESTRO!A:B,2,0) -> #N/A
A78: QUAGLIA, TOMAS EZEQUIEL | B78: 711326 | C78: 46033630 | D78: SI | E78: ORREGO, PAMELA | J78: TAKACH SABORIDO, AGUSTIN | K78: =VLOOKUP(C78,MAESTRO!A:B,2,0) -> #N/A
A79: MONTIEL, JUAN RAMON | B79: 711288 | C79: 46033387 | D79: SI | E79: VEGA BRISA | J79: TAKACH SABORIDO, AGUSTIN | K79: =VLOOKUP(C79,MAESTRO!A:B,2,0) -> #N/A
A80: MONTIEL, JUAN RAMON | B80: 711293 | C80: 46033201 | D80: SI | F80: SANDOVAL, JEREMIAS | J80: TAKACH SABORIDO, AGUSTIN | K80: =VLOOKUP(C80,MAESTRO!A:B,2,0) -> #N/A
A81: RIGONI, VALENTINA | B81: 711313 | C81: 46033205 | D81: SI | J81: TAKACH SABORIDO, AGUSTIN | K81: =VLOOKUP(C81,MAESTRO!A:B,2,0) -> #N/A
A82: ISLEÑO, LUCAS | B82: 728589 | C82: 46075293 | D82: SI | J82: TAKACH SABORIDO, AGUSTIN | K82: =VLOOKUP(C82,MAESTRO!A:B,2,0) -> #N/A
A83: KARSCHACOFF, NAHIR | B83: 731081 | C83: 46078273 | D83: SI | E83: CUELLAR, CAMILA | J83: TAKACH SABORIDO, AGUSTIN | K83: =VLOOKUP(C83,MAESTRO!A:B,2,0) -> #N/A
A84: FEDELLE, SANDRA ANALÍA | B84: 713528 | C84: 46040090 | D84: SI | F84: RIGONI, VALENTINA | J84: VALLEJOS, MARIANELA | K84: =VLOOKUP(C84,MAESTRO!A:B,2,0) -> #N/A
A85: VELTRI, PAULA ANDREA | B85: 688360 | C85: 45975556 | D85: SI | I85: GÓMEZ, CECILIA | J85: VELTRI, PAULA ANDREA | K85: =VLOOKUP(C85,MAESTRO!A:B,2,0) -> #N/A
A86: VELTRI, PAULA ANDREA | B86: 700021 | C86: 46005590 | D86: SI | I86: CLARO, TAIEL | J86: VELTRI, PAULA ANDREA | K86: =VLOOKUP(C86,MAESTRO!A:B,2,0) -> #N/A
A87: VELTRI, PAULA ANDREA | B87: 701276 | C87: 46007146 | D87: SI | I87: RODRÍGUEZ TARRES, MATÍAS | J87: VELTRI, PAULA ANDREA | K87: =VLOOKUP(C87,MAESTRO!A:B,2,0) -> #N/A
A88: VELTRI, PAULA ANDREA | B88: 732981 | C88: 46096637 | D88: SI | I88: CLARO, TAIEL | J88: VELTRI, PAULA ANDREA | K88: =VLOOKUP(C88,MAESTRO!A:B,2,0) -> #N/A
A89: RIOS, GABRIELA | B89: 716987 | C89: 46049877 | D89: SI | I89: RODRÍGUEZ TARRES, MATÍAS | J89: VELTRI, PAULA ANDREA | K89: =VLOOKUP(C89,MAESTRO!A:B,2,0) -> #N/A
A90: VELTRI, PAULA ANDREA | B90: 743996 | C90: 46128773 | D90: SI | I90: CLARO, TAIEL | J90: VELTRI, PAULA ANDREA | K90: =VLOOKUP(C90,MAESTRO!A:B,2,0) -> #N/A
A91: VELTRI, PAULA ANDREA | B91: 757203 | C91: 46176663 | D91: SI | I91: GÓMEZ, CECILIA | J91: VELTRI, PAULA ANDREA | K91: =VLOOKUP(C91,MAESTRO!A:B,2,0) -> #N/A
A92: VELTRI, PAULA ANDREA | B92: 764019 | C92: 46207171 | D92: SI | I92: GÓMEZ, CECILIA | J92: VELTRI, PAULA ANDREA | K92: =VLOOKUP(C92,MAESTRO!A:B,2,0) -> #N/A
A93: VILLORDO, GRISELDA | B93: 706481 | C93: 46021937 | D93: SI | I93: RODRÍGUEZ TARRES, MATÍAS | J93: VILLORDO, GRISELDA | K93: =VLOOKUP(C93,MAESTRO!A:B,2,0) -> #N/A
A94: VILLORDO, GRISELDA | B94: 744093 | C94: 46128803 | D94: SI | I94: RODRÍGUEZ TARRES, MATÍAS | J94: VILLORDO, GRISELDA | K94: =VLOOKUP(C94,MAESTRO!A:B,2,0) -> #N/A
A95: RÍOS MESA, MALCOM MIGUEL | B95: 687440 | C95: 45972463 | D95: SI | I95: STUCHETTI, FLORENCIA | K95: =VLOOKUP(C95,MAESTRO!A:B,2,0) -> #N/A
A96: AQUINO, JULIANA AYELEN | B96: 687313 | C96: 45971960 | D96: SI | I96: AMAYA, DÉBORA BELÉN | K96: =VLOOKUP(C96,MAESTRO!A:B,2,0) -> #N/A
A97: REINAGA, MARTIN | B97: 688515 | C97: 45972701 | D97: SI | I97: AMAYA, DÉBORA BELÉN | K97: =VLOOKUP(C97,MAESTRO!A:B,2,0) -> #N/A
A98: DIAZ, MARÍA BELÉN | B98: 691218 | C98: 45982948 | D98: SI | I98: VALLEJOS, MARIANELA | K98: =VLOOKUP(C98,MAESTRO!A:B,2,0) -> #N/A
A99: PENOVI, LUCAS | B99: 691217 | C99: 45982924 | D99: SI | I99: VALLEJOS, MARIANELA | K99: =VLOOKUP(C99,MAESTRO!A:B,2,0) -> #N/A
A100: DIOGO, ROBERTO | B100: 691193 | C100: 45983192 | D100: SI | I100: STUCHETTI, FLORENCIA | K100: =VLOOKUP(C100,MAESTRO!A:B,2,0) -> #N/A
...

Sheet MAESTRO
A1: SAE | B1: ORIGEN
A2: 45995186 | B2: CARTA
A3: 45995282 | B3: CARTA
A4: 45995377 | B4: CARTA
A5: 45995353 | B5: CARTA
A6: 45995467 | B6: CARTA
A7: 45995550 | B7: CARTA
A8: 45995586 | B8: CARTA
A9: 45995649 | B9: CARTA
A10: 45995648 | B10: CARTA
A11: 45995680 | B11: CARTA
A12: 45995710 | B12: CARTA
A13: 45995749 | B13: CARTA
... A90: 46000893 | B90: CARTA
